"AnswerId","JobName","Worker","Status","WorkDurationInSeconds","TaskReservedTime","TaskStartedTime","AnswerSubmittedTime","AnswerAcceptedTime","AnswerRejectedTime","ScheduledAutoApprovalTime","ScheduledAutoRejectionTime","Answer.1:sliders","Answer.2:sliders","Answer.3:sliders","Answer.4:sliders","Answer.5:sliders","Answer.6:sliders","Answer.7:sliders","Answer.8:sliders","DynamicContent.audio1","DynamicContent.audio2","DynamicContent.audio3","DynamicContent.audio4","DynamicContent.audio5","DynamicContent.audio6","DynamicContent.audio7","DynamicContent.audio8"
"E554A81E5E7608E","Sympathie_2016-11-02T12:35:49.155Z","1520A16384","ACCEPTED","88","2016.12.01 19:36:55 +0000","2016.12.01 19:36:55 +0000","2016.12.01 19:38:24 +0000","2016.12.05 17:30:12 +0000","","2016.12.06 19:38:24 +0000","2016.12.03 19:38:24 +0000","63","44","54","53","47","59","67","46","https://api.crowdee.de/v1/files/06a2f5d726aa79dc6d42f8694c12c787","https://api.crowdee.de/v1/files/cfb0f96744a048dcd30bb12fba5279a4","https://api.crowdee.de/v1/files/a7f381686e93c05f91f06b0b120220f1","https://api.crowdee.de/v1/files/ebbb38bf6b9dca28f7e2f526e4ade7d1","https://api.crowdee.de/v1/files/34b8a424c4c6dfe69ae627717d25ab9d","https://api.crowdee.de/v1/files/4464b50e3abddabdc4d904dca34f5917","https://api.crowdee.de/v1/files/919a3b4ff57dd83aa5d5c4619885da1d","https://api.crowdee.de/v1/files/d3e32b3456a2ff89ed4608ee912227db"
"9EB9F80B43E7005","Sympathie_2016-11-02T12:35:49.155Z","527A622A00","ACCEPTED","116","2016.12.01 20:29:22 +0000","2016.12.01 20:29:22 +0000","2016.12.01 20:31:19 +0000","2016.12.05 17:30:12 +0000","","2016.12.06 20:31:19 +0000","2016.12.03 20:31:19 +0000","35","86","82","96","49","56","66","101","https://api.crowdee.de/v1/files/a54f2de5101fda786b6de877754d29b9","https://api.crowdee.de/v1/files/919a3b4ff57dd83aa5d5c4619885da1d","https://api.crowdee.de/v1/files/b40ab70faba4c3fd8c50a783d908ab9f","https://api.crowdee.de/v1/files/ebbb38bf6b9dca28f7e2f526e4ade7d1","https://api.crowdee.de/v1/files/34b8a424c4c6dfe69ae627717d25ab9d","https://api.crowdee.de/v1/files/4464b50e3abddabdc4d904dca34f5917","https://api.crowdee.de/v1/files/e1f652db051ebe6fd001d876035f94cc","https://api.crowdee.de/v1/files/aad8e39bfe14269349be33aa60de8270"
"4B0E4E2373D5D6D","Sympathie_2016-11-02T12:35:49.155Z","9225161B3E","ACCEPTED","75","2016.12.01 21:24:16 +0000","2016.12.01 21:24:16 +0000","2016.12.01 21:25:31 +0000","2016.12.05 17:30:12 +0000","","2016.12.06 21:25:31 +0000","2016.12.03 21:25:31 +0000","48","88","70","64","66","81","66","86","https://api.crowdee.de/v1/files/18320199c8c818a1cc1c3f737eb1da71","https://api.crowdee.de/v1/files/34b8a424c4c6dfe69ae627717d25ab9d","https://api.crowdee.de/v1/files/a54f2de5101fda786b6de877754d29b9","https://api.crowdee.de/v1/files/d3e32b3456a2ff89ed4608ee912227db","https://api.crowdee.de/v1/files/e1f652db051ebe6fd001d876035f94cc","https://api.crowdee.de/v1/files/06a2f5d726aa79dc6d42f8694c12c787","https://api.crowdee.de/v1/files/911aa95336f71212c6299bff77e4d497","https://api.crowdee.de/v1/files/ebbb38bf6b9dca28f7e2f526e4ade7d1"
"60EA3A960579C8C","Sympathie_2016-11-02T12:35:49.155Z","E748D176AF","ACCEPTED","60","2016.12.01 22:59:04 +0000","2016.12.01 22:59:05 +0000","2016.12.01 23:00:05 +0000","2016.12.05 17:30:12 +0000","","2016.12.06 23:00:05 +0000","2016.12.03 23:00:05 +0000","101","69","31","67","76","76","26","0","https://api.crowdee.de/v1/files/919a3b4ff57dd83aa5d5c4619885da1d","https://api.crowdee.de/v1/files/ebbb38bf6b9dca28f7e2f526e4ade7d1","https://api.crowdee.de/v1/files/4ab7e4a89dc209cf1bd2809c0c9f6f9a","https://api.crowdee.de/v1/files/4464b50e3abddabdc4d904dca34f5917","https://api.crowdee.de/v1/files/b40ab70faba4c3fd8c50a783d908ab9f","https://api.crowdee.de/v1/files/d3e32b3456a2ff89ed4608ee912227db","https://api.crowdee.de/v1/files/34b8a424c4c6dfe69ae627717d25ab9d","https://api.crowdee.de/v1/files/e1f652db051ebe6fd001d876035f94cc"
"63C48F4863EADFE","Sympathie_2016-11-02T12:35:49.155Z","70A8732199","ACCEPTED","86","2016.12.02 00:03:36 +0000","2016.12.02 00:03:36 +0000","2016.12.02 00:05:02 +0000","2016.12.05 17:30:12 +0000","","2016.12.07 00:05:02 +0000","2016.12.04 00:05:02 +0000","76","66","79","49","58","80","73","61","https://api.crowdee.de/v1/files/b40ab70faba4c3fd8c50a783d908ab9f","https://api.crowdee.de/v1/files/cfb0f96744a048dcd30bb12fba5279a4","https://api.crowdee.de/v1/files/06a2f5d726aa79dc6d42f8694c12c787","https://api.crowdee.de/v1/files/4464b50e3abddabdc4d904dca34f5917","https://api.crowdee.de/v1/files/e1f652db051ebe6fd001d876035f94cc","https://api.crowdee.de/v1/files/a7f381686e93c05f91f06b0b120220f1","https://api.crowdee.de/v1/files/18320199c8c818a1cc1c3f737eb1da71","https://api.crowdee.de/v1/files/d3e32b3456a2ff89ed4608ee912227db"
"D35B510430115B5","Sympathie_2016-11-02T12:35:49.155Z","A9C504B411","ACCEPTED","39","2016.12.02 06:46:53 +0000","2016.12.02 06:46:54 +0000","2016.12.02 06:47:33 +0000","2016.12.05 17:30:12 +0000","","2016.12.07 06:47:33 +0000","2016.12.04 06:47:33 +0000","84","81","83","74","82","75","85","77","https://api.crowdee.de/v1/files/cfb0f96744a048dcd30bb12fba5279a4","https://api.crowdee.de/v1/files/a54f2de5101fda786b6de877754d29b9","https://api.crowdee.de/v1/files/1211a8aec9066ddc3450c5f6b2a0ea89","https://api.crowdee.de/v1/files/18320199c8c818a1cc1c3f737eb1da71","https://api.crowdee.de/v1/files/d3e32b3456a2ff89ed4608ee912227db","https://api.crowdee.de/v1/files/e1f652db051ebe6fd001d876035f94cc","https://api.crowdee.de/v1/files/4464b50e3abddabdc4d904dca34f5917","https://api.crowdee.de/v1/files/911aa95336f71212c6299bff77e4d497"
"443AA8E2E6FA91C","Sympathie_2016-11-02T12:35:49.155Z","2117720300","ACCEPTED","78","2016.12.02 11:37:03 +0000","2016.12.02 11:37:03 +0000","2016.12.02 11:38:22 +0000","2016.12.05 17:30:12 +0000","","2016.12.07 11:38:22 +0000","2016.12.04 11:38:22 +0000","37","35","82","59","66","72","32","59","https://api.crowdee.de/v1/files/4464b50e3abddabdc4d904dca34f5917","https://api.crowdee.de/v1/files/4ab7e4a89dc209cf1bd2809c0c9f6f9a","https://api.crowdee.de/v1/files/919a3b4ff57dd83aa5d5c4619885da1d","https://api.crowdee.de/v1/files/d3e32b3456a2ff89ed4608ee912227db","https://api.crowdee.de/v1/files/cfb0f96744a048dcd30bb12fba5279a4","https://api.crowdee.de/v1/files/18320199c8c818a1cc1c3f737eb1da71","https://api.crowdee.de/v1/files/e1f652db051ebe6fd001d876035f94cc","https://api.crowdee.de/v1/files/ebbb38bf6b9dca28f7e2f526e4ade7d1"
"37E3EED3A4EB63F","Sympathie_2016-11-02T12:35:49.155Z","F1EBFFE603","ACCEPTED","118","2016.12.02 13:15:47 +0000","2016.12.02 13:15:48 +0000","2016.12.02 13:17:46 +0000","2016.12.05 17:30:12 +0000","","2016.12.07 13:17:46 +0000","2016.12.04 13:17:46 +0000","64","66","58","59","78","53","62","64","https://api.crowdee.de/v1/files/ebbb38bf6b9dca28f7e2f526e4ade7d1","https://api.crowdee.de/v1/files/4ab7e4a89dc209cf1bd2809c0c9f6f9a","https://api.crowdee.de/v1/files/1211a8aec9066ddc3450c5f6b2a0ea89","https://api.crowdee.de/v1/files/06a2f5d726aa79dc6d42f8694c12c787","https://api.crowdee.de/v1/files/911aa95336f71212c6299bff77e4d497","https://api.crowdee.de/v1/files/919a3b4ff57dd83aa5d5c4619885da1d","https://api.crowdee.de/v1/files/cfb0f96744a048dcd30bb12fba5279a4","https://api.crowdee.de/v1/files/a54f2de5101fda786b6de877754d29b9"
"F6C23B25BC5F96D","Sympathie_2016-11-02T12:35:49.155Z","8B15671648","ACCEPTED","70","2016.12.02 13:32:43 +0000","2016.12.02 13:32:43 +0000","2016.12.02 13:33:54 +0000","2016.12.05 17:30:12 +0000","","2016.12.07 13:33:54 +0000","2016.12.04 13:33:54 +0000","34","69","75","22","28","64","35","101","https://api.crowdee.de/v1/files/06a2f5d726aa79dc6d42f8694c12c787","https://api.crowdee.de/v1/files/34b8a424c4c6dfe69ae627717d25ab9d","https://api.crowdee.de/v1/files/911aa95336f71212c6299bff77e4d497","https://api.crowdee.de/v1/files/cfb0f96744a048dcd30bb12fba5279a4","https://api.crowdee.de/v1/files/4ab7e4a89dc209cf1bd2809c0c9f6f9a","https://api.crowdee.de/v1/files/919a3b4ff57dd83aa5d5c4619885da1d","https://api.crowdee.de/v1/files/d3e32b3456a2ff89ed4608ee912227db","https://api.crowdee.de/v1/files/ff9772e60704ce1485229aa1771be475"
"B7047ABC3B60FA1","Sympathie_2016-11-02T12:35:49.155Z","121E9B4753","ACCEPTED","75","2016.12.02 17:01:12 +0000","2016.12.02 17:01:12 +0000","2016.12.02 17:02:27 +0000","2016.12.05 17:30:12 +0000","","2016.12.07 17:02:27 +0000","2016.12.04 17:02:27 +0000","37","48","27","62","44","68","58","101","https://api.crowdee.de/v1/files/911aa95336f71212c6299bff77e4d497","https://api.crowdee.de/v1/files/06a2f5d726aa79dc6d42f8694c12c787","https://api.crowdee.de/v1/files/e1f652db051ebe6fd001d876035f94cc","https://api.crowdee.de/v1/files/b40ab70faba4c3fd8c50a783d908ab9f","https://api.crowdee.de/v1/files/4ab7e4a89dc209cf1bd2809c0c9f6f9a","https://api.crowdee.de/v1/files/4464b50e3abddabdc4d904dca34f5917","https://api.crowdee.de/v1/files/1211a8aec9066ddc3450c5f6b2a0ea89","https://api.crowdee.de/v1/files/aad8e39bfe14269349be33aa60de8270"
"ABE82A112746168","Sympathie_2016-11-02T12:35:49.155Z","C198EC4D2E","ACCEPTED","203","2016.12.02 17:35:11 +0000","2016.12.02 17:35:11 +0000","2016.12.02 17:38:35 +0000","2016.12.05 17:30:12 +0000","","2016.12.07 17:38:35 +0000","2016.12.04 17:38:35 +0000","76","75","73","93","84","65","85","59","https://api.crowdee.de/v1/files/a54f2de5101fda786b6de877754d29b9","https://api.crowdee.de/v1/files/e1f652db051ebe6fd001d876035f94cc","https://api.crowdee.de/v1/files/a7f381686e93c05f91f06b0b120220f1","https://api.crowdee.de/v1/files/cfb0f96744a048dcd30bb12fba5279a4","https://api.crowdee.de/v1/files/06a2f5d726aa79dc6d42f8694c12c787","https://api.crowdee.de/v1/files/34b8a424c4c6dfe69ae627717d25ab9d","https://api.crowdee.de/v1/files/ebbb38bf6b9dca28f7e2f526e4ade7d1","https://api.crowdee.de/v1/files/919a3b4ff57dd83aa5d5c4619885da1d"
"CBFF2F3E29BE9E8","Sympathie_2016-11-02T12:35:49.155Z","53C254972D","ACCEPTED","95","2016.12.02 19:23:32 +0000","2016.12.02 19:23:33 +0000","2016.12.02 19:25:08 +0000","2016.12.05 17:30:12 +0000","","2016.12.07 19:25:08 +0000","2016.12.04 19:25:08 +0000","64","40","36","61","34","0","18","101","https://api.crowdee.de/v1/files/a54f2de5101fda786b6de877754d29b9","https://api.crowdee.de/v1/files/34b8a424c4c6dfe69ae627717d25ab9d","https://api.crowdee.de/v1/files/b40ab70faba4c3fd8c50a783d908ab9f","https://api.crowdee.de/v1/files/ebbb38bf6b9dca28f7e2f526e4ade7d1","https://api.crowdee.de/v1/files/1211a8aec9066ddc3450c5f6b2a0ea89","https://api.crowdee.de/v1/files/06a2f5d726aa79dc6d42f8694c12c787","https://api.crowdee.de/v1/files/919a3b4ff57dd83aa5d5c4619885da1d","https://api.crowdee.de/v1/files/a956b7f30b2bc79ef0bf26af3f16061e"
"30264224D5895A9","Sympathie_2016-11-02T12:35:49.155Z","C7488B9FA7","ACCEPTED","99","2016.12.03 09:33:15 +0000","2016.12.03 09:33:15 +0000","2016.12.03 09:34:54 +0000","2016.12.05 17:30:12 +0000","","2016.12.08 09:34:54 +0000","2016.12.05 09:34:54 +0000","62","65","46","38","62","60","40","25","https://api.crowdee.de/v1/files/cfb0f96744a048dcd30bb12fba5279a4","https://api.crowdee.de/v1/files/4464b50e3abddabdc4d904dca34f5917","https://api.crowdee.de/v1/files/919a3b4ff57dd83aa5d5c4619885da1d","https://api.crowdee.de/v1/files/34b8a424c4c6dfe69ae627717d25ab9d","https://api.crowdee.de/v1/files/a54f2de5101fda786b6de877754d29b9","https://api.crowdee.de/v1/files/e1f652db051ebe6fd001d876035f94cc","https://api.crowdee.de/v1/files/b40ab70faba4c3fd8c50a783d908ab9f","https://api.crowdee.de/v1/files/18320199c8c818a1cc1c3f737eb1da71"
"1822D9342A3F397","Sympathie_2016-11-02T12:35:49.155Z","CEC99801AA","ACCEPTED","81","2016.12.03 12:57:36 +0000","2016.12.03 12:57:37 +0000","2016.12.03 12:58:58 +0000","2016.12.05 17:30:12 +0000","","2016.12.08 12:58:58 +0000","2016.12.05 12:58:58 +0000","22","59","79","56","87","72","32","101","https://api.crowdee.de/v1/files/e1f652db051ebe6fd001d876035f94cc","https://api.crowdee.de/v1/files/18320199c8c818a1cc1c3f737eb1da71","https://api.crowdee.de/v1/files/4ab7e4a89dc209cf1bd2809c0c9f6f9a","https://api.crowdee.de/v1/files/34b8a424c4c6dfe69ae627717d25ab9d","https://api.crowdee.de/v1/files/d3e32b3456a2ff89ed4608ee912227db","https://api.crowdee.de/v1/files/ebbb38bf6b9dca28f7e2f526e4ade7d1","https://api.crowdee.de/v1/files/cfb0f96744a048dcd30bb12fba5279a4","https://api.crowdee.de/v1/files/44426c034a76c58c18d809d14ac80413"
"0C95FCBA27C7AFD","Sympathie_2016-11-02T12:35:49.155Z","2C45FC1B83","ACCEPTED","69","2016.12.03 19:11:14 +0000","2016.12.03 19:11:14 +0000","2016.12.03 19:12:23 +0000","2016.12.05 17:30:12 +0000","","2016.12.08 19:12:23 +0000","2016.12.05 19:12:23 +0000","52","52","60","66","56","70","59","56","https://api.crowdee.de/v1/files/b40ab70faba4c3fd8c50a783d908ab9f","https://api.crowdee.de/v1/files/ebbb38bf6b9dca28f7e2f526e4ade7d1","https://api.crowdee.de/v1/files/18320199c8c818a1cc1c3f737eb1da71","https://api.crowdee.de/v1/files/06a2f5d726aa79dc6d42f8694c12c787","https://api.crowdee.de/v1/files/911aa95336f71212c6299bff77e4d497","https://api.crowdee.de/v1/files/cfb0f96744a048dcd30bb12fba5279a4","https://api.crowdee.de/v1/files/4ab7e4a89dc209cf1bd2809c0c9f6f9a","https://api.crowdee.de/v1/files/4464b50e3abddabdc4d904dca34f5917"
"9E78D444BE2D1DA","Sympathie_2016-11-02T12:35:49.155Z","1379FC1D5B","ACCEPTED","80","2016.12.05 21:25:54 +0000","2016.12.05 21:25:55 +0000","2016.12.05 21:27:16 +0000","2016.12.09 11:50:12 +0000","","2016.12.10 21:27:16 +0000","2016.12.07 21:27:16 +0000","79","77","49","78","16","49","45","0","https://api.crowdee.de/v1/files/919a3b4ff57dd83aa5d5c4619885da1d","https://api.crowdee.de/v1/files/cfb0f96744a048dcd30bb12fba5279a4","https://api.crowdee.de/v1/files/4ab7e4a89dc209cf1bd2809c0c9f6f9a","https://api.crowdee.de/v1/files/a7f381686e93c05f91f06b0b120220f1","https://api.crowdee.de/v1/files/1211a8aec9066ddc3450c5f6b2a0ea89","https://api.crowdee.de/v1/files/4464b50e3abddabdc4d904dca34f5917","https://api.crowdee.de/v1/files/b40ab70faba4c3fd8c50a783d908ab9f","https://api.crowdee.de/v1/files/d74ac3e789150460398f69c9389cc058"
"DEE63CE1C7BADAC","Sympathie_2016-11-02T12:35:49.155Z","3898105363","ACCEPTED","79","2016.12.06 10:05:35 +0000","2016.12.06 10:05:35 +0000","2016.12.06 10:06:54 +0000","2016.12.09 11:50:12 +0000","","2016.12.11 10:06:54 +0000","2016.12.08 10:06:54 +0000","80","81","24","0","83","11","10","0","https://api.crowdee.de/v1/files/a54f2de5101fda786b6de877754d29b9","https://api.crowdee.de/v1/files/a7f381686e93c05f91f06b0b120220f1","https://api.crowdee.de/v1/files/18320199c8c818a1cc1c3f737eb1da71","https://api.crowdee.de/v1/files/1211a8aec9066ddc3450c5f6b2a0ea89","https://api.crowdee.de/v1/files/911aa95336f71212c6299bff77e4d497","https://api.crowdee.de/v1/files/cfb0f96744a048dcd30bb12fba5279a4","https://api.crowdee.de/v1/files/06a2f5d726aa79dc6d42f8694c12c787","https://api.crowdee.de/v1/files/4e401be2ab5d7f49d1449f27e115d0f1"
"959B3AC21A94A35","Sympathie_2016-11-02T12:35:49.155Z","477890A379","ACCEPTED","73","2016.12.06 10:19:03 +0000","2016.12.06 10:19:03 +0000","2016.12.06 10:20:17 +0000","2016.12.09 11:50:12 +0000","","2016.12.11 10:20:17 +0000","2016.12.08 10:20:17 +0000","52","56","73","54","71","49","42","101","https://api.crowdee.de/v1/files/911aa95336f71212c6299bff77e4d497","https://api.crowdee.de/v1/files/a54f2de5101fda786b6de877754d29b9","https://api.crowdee.de/v1/files/18320199c8c818a1cc1c3f737eb1da71","https://api.crowdee.de/v1/files/4ab7e4a89dc209cf1bd2809c0c9f6f9a","https://api.crowdee.de/v1/files/b40ab70faba4c3fd8c50a783d908ab9f","https://api.crowdee.de/v1/files/1211a8aec9066ddc3450c5f6b2a0ea89","https://api.crowdee.de/v1/files/e1f652db051ebe6fd001d876035f94cc","https://api.crowdee.de/v1/files/61671c403dac398adc22d62a91da0815"
"C074B150D243F99","Sympathie_2016-11-02T12:35:49.155Z","59206F215A","ACCEPTED","129","2016.12.06 10:26:50 +0000","2016.12.06 10:26:51 +0000","2016.12.06 10:29:00 +0000","2016.12.09 11:50:12 +0000","","2016.12.11 10:29:00 +0000","2016.12.08 10:29:00 +0000","68","59","60","73","73","54","43","42","https://api.crowdee.de/v1/files/a54f2de5101fda786b6de877754d29b9","https://api.crowdee.de/v1/files/34b8a424c4c6dfe69ae627717d25ab9d","https://api.crowdee.de/v1/files/4ab7e4a89dc209cf1bd2809c0c9f6f9a","https://api.crowdee.de/v1/files/911aa95336f71212c6299bff77e4d497","https://api.crowdee.de/v1/files/919a3b4ff57dd83aa5d5c4619885da1d","https://api.crowdee.de/v1/files/06a2f5d726aa79dc6d42f8694c12c787","https://api.crowdee.de/v1/files/cfb0f96744a048dcd30bb12fba5279a4","https://api.crowdee.de/v1/files/1211a8aec9066ddc3450c5f6b2a0ea89"
"E0ACD1D8CC0C5BC","Sympathie_2016-11-02T12:35:49.155Z","27FF90BBB6","ACCEPTED","69","2016.12.06 11:37:16 +0000","2016.12.06 11:37:16 +0000","2016.12.06 11:38:25 +0000","2016.12.09 11:50:12 +0000","","2016.12.11 11:38:25 +0000","2016.12.08 11:38:25 +0000","63","63","72","0","41","35","101","101","https://api.crowdee.de/v1/files/d3e32b3456a2ff89ed4608ee912227db","https://api.crowdee.de/v1/files/a54f2de5101fda786b6de877754d29b9","https://api.crowdee.de/v1/files/a7f381686e93c05f91f06b0b120220f1","https://api.crowdee.de/v1/files/e1f652db051ebe6fd001d876035f94cc","https://api.crowdee.de/v1/files/919a3b4ff57dd83aa5d5c4619885da1d","https://api.crowdee.de/v1/files/34b8a424c4c6dfe69ae627717d25ab9d","https://api.crowdee.de/v1/files/1211a8aec9066ddc3450c5f6b2a0ea89","https://api.crowdee.de/v1/files/524dca8e81e427ba7f3192f076e6184e"
"C797EA554BAE5F4","Sympathie_2016-11-02T12:35:49.155Z","0C78B20A04","ACCEPTED","69","2016.12.06 13:32:29 +0000","2016.12.06 13:32:30 +0000","2016.12.06 13:33:39 +0000","2016.12.09 11:50:12 +0000","","2016.12.11 13:33:39 +0000","2016.12.08 13:33:39 +0000","67","85","76","75","59","69","58","101","https://api.crowdee.de/v1/files/34b8a424c4c6dfe69ae627717d25ab9d","https://api.crowdee.de/v1/files/919a3b4ff57dd83aa5d5c4619885da1d","https://api.crowdee.de/v1/files/ebbb38bf6b9dca28f7e2f526e4ade7d1","https://api.crowdee.de/v1/files/911aa95336f71212c6299bff77e4d497","https://api.crowdee.de/v1/files/b40ab70faba4c3fd8c50a783d908ab9f","https://api.crowdee.de/v1/files/a54f2de5101fda786b6de877754d29b9","https://api.crowdee.de/v1/files/4464b50e3abddabdc4d904dca34f5917","https://api.crowdee.de/v1/files/0255998fbe792f510ba24b15201ddfee"
"384552640616854","Sympathie_2016-11-02T12:35:49.155Z","9495150461","ACCEPTED","74","2016.12.06 13:58:47 +0000","2016.12.06 13:58:47 +0000","2016.12.06 14:00:02 +0000","2016.12.09 11:50:12 +0000","","2016.12.11 14:00:02 +0000","2016.12.08 14:00:02 +0000","52","33","59","34","44","19","68","62","https://api.crowdee.de/v1/files/e1f652db051ebe6fd001d876035f94cc","https://api.crowdee.de/v1/files/34b8a424c4c6dfe69ae627717d25ab9d","https://api.crowdee.de/v1/files/919a3b4ff57dd83aa5d5c4619885da1d","https://api.crowdee.de/v1/files/1211a8aec9066ddc3450c5f6b2a0ea89","https://api.crowdee.de/v1/files/4ab7e4a89dc209cf1bd2809c0c9f6f9a","https://api.crowdee.de/v1/files/18320199c8c818a1cc1c3f737eb1da71","https://api.crowdee.de/v1/files/a54f2de5101fda786b6de877754d29b9","https://api.crowdee.de/v1/files/b40ab70faba4c3fd8c50a783d908ab9f"
"8C1F5EED35B4357","Sympathie_2016-11-02T12:35:49.155Z","D37065C1B7","ACCEPTED","62","2016.12.06 14:04:59 +0000","2016.12.06 14:04:59 +0000","2016.12.06 14:06:01 +0000","2016.12.09 11:50:12 +0000","","2016.12.11 14:06:01 +0000","2016.12.08 14:06:01 +0000","19","13","72","101","69","96","89","101","https://api.crowdee.de/v1/files/b40ab70faba4c3fd8c50a783d908ab9f","https://api.crowdee.de/v1/files/34b8a424c4c6dfe69ae627717d25ab9d","https://api.crowdee.de/v1/files/1211a8aec9066ddc3450c5f6b2a0ea89","https://api.crowdee.de/v1/files/911aa95336f71212c6299bff77e4d497","https://api.crowdee.de/v1/files/a54f2de5101fda786b6de877754d29b9","https://api.crowdee.de/v1/files/a7f381686e93c05f91f06b0b120220f1","https://api.crowdee.de/v1/files/06a2f5d726aa79dc6d42f8694c12c787","https://api.crowdee.de/v1/files/5970fa30663a7b00e0ee9109de1430ea"
"D6CF949D5ABF828","Sympathie_2016-11-02T12:35:49.155Z","30322FEEC4","ACCEPTED","121","2016.12.06 16:53:23 +0000","2016.12.06 16:53:23 +0000","2016.12.06 16:55:25 +0000","2016.12.09 11:50:12 +0000","","2016.12.11 16:55:25 +0000","2016.12.08 16:55:25 +0000","63","36","19","84","91","73","38","101","https://api.crowdee.de/v1/files/1211a8aec9066ddc3450c5f6b2a0ea89","https://api.crowdee.de/v1/files/4464b50e3abddabdc4d904dca34f5917","https://api.crowdee.de/v1/files/e1f652db051ebe6fd001d876035f94cc","https://api.crowdee.de/v1/files/b40ab70faba4c3fd8c50a783d908ab9f","https://api.crowdee.de/v1/files/a7f381686e93c05f91f06b0b120220f1","https://api.crowdee.de/v1/files/a54f2de5101fda786b6de877754d29b9","https://api.crowdee.de/v1/files/34b8a424c4c6dfe69ae627717d25ab9d","https://api.crowdee.de/v1/files/d9ceac478a8de0d122c8e2416dd742c6"
"7B3B983F10CD763","Sympathie_2016-11-02T12:35:49.155Z","A503C2FBCC","ACCEPTED","67","2016.12.06 17:11:30 +0000","2016.12.06 17:11:30 +0000","2016.12.06 17:12:37 +0000","2016.12.09 11:50:12 +0000","","2016.12.11 17:12:37 +0000","2016.12.08 17:12:37 +0000","40","32","71","60","69","41","25","59","https://api.crowdee.de/v1/files/911aa95336f71212c6299bff77e4d497","https://api.crowdee.de/v1/files/d3e32b3456a2ff89ed4608ee912227db","https://api.crowdee.de/v1/files/06a2f5d726aa79dc6d42f8694c12c787","https://api.crowdee.de/v1/files/34b8a424c4c6dfe69ae627717d25ab9d","https://api.crowdee.de/v1/files/919a3b4ff57dd83aa5d5c4619885da1d","https://api.crowdee.de/v1/files/4464b50e3abddabdc4d904dca34f5917","https://api.crowdee.de/v1/files/1211a8aec9066ddc3450c5f6b2a0ea89","https://api.crowdee.de/v1/files/cfb0f96744a048dcd30bb12fba5279a4"
"D34C0AFA53E3144","Sympathie_2016-11-02T12:35:49.155Z","E50DE85FCE","ACCEPTED","110","2016.12.06 18:17:08 +0000","2016.12.06 18:17:37 +0000","2016.12.06 18:19:27 +0000","2016.12.09 11:50:12 +0000","","2016.12.11 18:19:27 +0000","2016.12.08 18:19:27 +0000","44","51","58","53","56","67","51","0","https://api.crowdee.de/v1/files/4ab7e4a89dc209cf1bd2809c0c9f6f9a","https://api.crowdee.de/v1/files/b40ab70faba4c3fd8c50a783d908ab9f","https://api.crowdee.de/v1/files/a7f381686e93c05f91f06b0b120220f1","https://api.crowdee.de/v1/files/cfb0f96744a048dcd30bb12fba5279a4","https://api.crowdee.de/v1/files/ebbb38bf6b9dca28f7e2f526e4ade7d1","https://api.crowdee.de/v1/files/06a2f5d726aa79dc6d42f8694c12c787","https://api.crowdee.de/v1/files/34b8a424c4c6dfe69ae627717d25ab9d","https://api.crowdee.de/v1/files/fde150cc8076b2914b773815012bb07f"
"75F6006F57C9A65","Sympathie_2016-11-02T12:35:49.155Z","34A56148A0","ACCEPTED","78","2016.12.06 21:24:50 +0000","2016.12.06 21:24:50 +0000","2016.12.06 21:26:08 +0000","2016.12.09 11:50:12 +0000","","2016.12.11 21:26:08 +0000","2016.12.08 21:26:08 +0000","40","30","59","39","60","60","61","32","https://api.crowdee.de/v1/files/ebbb38bf6b9dca28f7e2f526e4ade7d1","https://api.crowdee.de/v1/files/1211a8aec9066ddc3450c5f6b2a0ea89","https://api.crowdee.de/v1/files/06a2f5d726aa79dc6d42f8694c12c787","https://api.crowdee.de/v1/files/4ab7e4a89dc209cf1bd2809c0c9f6f9a","https://api.crowdee.de/v1/files/919a3b4ff57dd83aa5d5c4619885da1d","https://api.crowdee.de/v1/files/cfb0f96744a048dcd30bb12fba5279a4","https://api.crowdee.de/v1/files/a54f2de5101fda786b6de877754d29b9","https://api.crowdee.de/v1/files/18320199c8c818a1cc1c3f737eb1da71"
"33A734815C60185","Sympathie_2016-11-02T12:35:49.155Z","1BDB099C82","ACCEPTED","111","2016.12.07 02:20:54 +0000","2016.12.07 02:20:54 +0000","2016.12.07 02:22:46 +0000","2016.12.09 11:50:12 +0000","","2016.12.12 02:22:46 +0000","2016.12.09 02:22:46 +0000","87","49","51","72","49","27","42","101","https://api.crowdee.de/v1/files/e1f652db051ebe6fd001d876035f94cc","https://api.crowdee.de/v1/files/1211a8aec9066ddc3450c5f6b2a0ea89","https://api.crowdee.de/v1/files/a54f2de5101fda786b6de877754d29b9","https://api.crowdee.de/v1/files/cfb0f96744a048dcd30bb12fba5279a4","https://api.crowdee.de/v1/files/b40ab70faba4c3fd8c50a783d908ab9f","https://api.crowdee.de/v1/files/18320199c8c818a1cc1c3f737eb1da71","https://api.crowdee.de/v1/files/d3e32b3456a2ff89ed4608ee912227db","https://api.crowdee.de/v1/files/d9ceac478a8de0d122c8e2416dd742c6"
"8E31E676D674156","Sympathie_2016-11-02T12:35:49.155Z","6320E1F843","ACCEPTED","81","2016.12.08 03:19:46 +0000","2016.12.08 03:19:47 +0000","2016.12.08 03:21:08 +0000","2016.12.09 11:50:12 +0000","","2016.12.13 03:21:08 +0000","2016.12.10 03:21:08 +0000","63","20","29","31","61","57","39","0","https://api.crowdee.de/v1/files/cfb0f96744a048dcd30bb12fba5279a4","https://api.crowdee.de/v1/files/e1f652db051ebe6fd001d876035f94cc","https://api.crowdee.de/v1/files/911aa95336f71212c6299bff77e4d497","https://api.crowdee.de/v1/files/919a3b4ff57dd83aa5d5c4619885da1d","https://api.crowdee.de/v1/files/4ab7e4a89dc209cf1bd2809c0c9f6f9a","https://api.crowdee.de/v1/files/06a2f5d726aa79dc6d42f8694c12c787","https://api.crowdee.de/v1/files/d3e32b3456a2ff89ed4608ee912227db","https://api.crowdee.de/v1/files/d74ac3e789150460398f69c9389cc058"
"212F0841E606DFE","Sympathie_2016-11-02T12:35:49.155Z","8C6A298C54","ACCEPTED","73","2016.12.08 03:25:27 +0000","2016.12.08 03:25:27 +0000","2016.12.08 03:26:41 +0000","2016.12.09 11:50:12 +0000","","2016.12.13 03:26:41 +0000","2016.12.10 03:26:41 +0000","71","39","60","30","21","27","19","83","https://api.crowdee.de/v1/files/cfb0f96744a048dcd30bb12fba5279a4","https://api.crowdee.de/v1/files/a54f2de5101fda786b6de877754d29b9","https://api.crowdee.de/v1/files/ebbb38bf6b9dca28f7e2f526e4ade7d1","https://api.crowdee.de/v1/files/b40ab70faba4c3fd8c50a783d908ab9f","https://api.crowdee.de/v1/files/911aa95336f71212c6299bff77e4d497","https://api.crowdee.de/v1/files/18320199c8c818a1cc1c3f737eb1da71","https://api.crowdee.de/v1/files/d3e32b3456a2ff89ed4608ee912227db","https://api.crowdee.de/v1/files/06a2f5d726aa79dc6d42f8694c12c787"
"1378202A7C8BA24","Sympathie_2016-11-02T12:35:49.155Z","E8B5804712","ACCEPTED","76","2016.12.08 19:06:18 +0000","2016.12.08 19:06:19 +0000","2016.12.08 19:07:35 +0000","2016.12.09 11:50:12 +0000","","2016.12.13 19:07:35 +0000","2016.12.10 19:07:35 +0000","61","67","33","50","50","50","24","81","https://api.crowdee.de/v1/files/34b8a424c4c6dfe69ae627717d25ab9d","https://api.crowdee.de/v1/files/18320199c8c818a1cc1c3f737eb1da71","https://api.crowdee.de/v1/files/919a3b4ff57dd83aa5d5c4619885da1d","https://api.crowdee.de/v1/files/06a2f5d726aa79dc6d42f8694c12c787","https://api.crowdee.de/v1/files/ebbb38bf6b9dca28f7e2f526e4ade7d1","https://api.crowdee.de/v1/files/e1f652db051ebe6fd001d876035f94cc","https://api.crowdee.de/v1/files/1211a8aec9066ddc3450c5f6b2a0ea89","https://api.crowdee.de/v1/files/a7f381686e93c05f91f06b0b120220f1"
"9586B99BAC081C6","Sympathie_2016-11-02T12:35:49.155Z","64FC5F681E","ACCEPTED","84","2016.12.08 20:09:07 +0000","2016.12.08 20:09:09 +0000","2016.12.08 20:10:33 +0000","2016.12.09 11:50:12 +0000","","2016.12.13 20:10:33 +0000","2016.12.10 20:10:33 +0000","67","33","72","37","32","59","13","0","https://api.crowdee.de/v1/files/a7f381686e93c05f91f06b0b120220f1","https://api.crowdee.de/v1/files/18320199c8c818a1cc1c3f737eb1da71","https://api.crowdee.de/v1/files/4464b50e3abddabdc4d904dca34f5917","https://api.crowdee.de/v1/files/d3e32b3456a2ff89ed4608ee912227db","https://api.crowdee.de/v1/files/b40ab70faba4c3fd8c50a783d908ab9f","https://api.crowdee.de/v1/files/34b8a424c4c6dfe69ae627717d25ab9d","https://api.crowdee.de/v1/files/e1f652db051ebe6fd001d876035f94cc","https://api.crowdee.de/v1/files/c071113d82d870ef82779c6f522933f4"
"82A56531E590055","Sympathie_2016-11-02T12:35:49.155Z","53496BE3CD","REJECTED","88","2016.12.09 14:21:14 +0000","2016.12.09 14:21:14 +0000","2016.12.09 14:22:43 +0000","","2016.12.13 13:42:21 +0000","2016.12.14 14:22:43 +0000","2016.12.11 14:22:43 +0000","13","21","66","82","66","48","16","100","https://api.crowdee.de/v1/files/e1f652db051ebe6fd001d876035f94cc","https://api.crowdee.de/v1/files/cfb0f96744a048dcd30bb12fba5279a4","https://api.crowdee.de/v1/files/919a3b4ff57dd83aa5d5c4619885da1d","https://api.crowdee.de/v1/files/06a2f5d726aa79dc6d42f8694c12c787","https://api.crowdee.de/v1/files/4ab7e4a89dc209cf1bd2809c0c9f6f9a","https://api.crowdee.de/v1/files/a7f381686e93c05f91f06b0b120220f1","https://api.crowdee.de/v1/files/34b8a424c4c6dfe69ae627717d25ab9d","https://api.crowdee.de/v1/files/450a69717518a036495ba1a4bf9ba97a"
"BF7C7429E81DB21","Sympathie_2016-11-02T12:35:49.155Z","FAB2394369","ACCEPTED","66","2016.12.09 17:09:40 +0000","2016.12.09 17:09:40 +0000","2016.12.09 17:10:47 +0000","2016.12.13 13:42:52 +0000","","2016.12.14 17:10:47 +0000","2016.12.11 17:10:47 +0000","51","45","38","32","62","65","35","101","https://api.crowdee.de/v1/files/911aa95336f71212c6299bff77e4d497","https://api.crowdee.de/v1/files/b40ab70faba4c3fd8c50a783d908ab9f","https://api.crowdee.de/v1/files/1211a8aec9066ddc3450c5f6b2a0ea89","https://api.crowdee.de/v1/files/d3e32b3456a2ff89ed4608ee912227db","https://api.crowdee.de/v1/files/4ab7e4a89dc209cf1bd2809c0c9f6f9a","https://api.crowdee.de/v1/files/4464b50e3abddabdc4d904dca34f5917","https://api.crowdee.de/v1/files/18320199c8c818a1cc1c3f737eb1da71","https://api.crowdee.de/v1/files/61671c403dac398adc22d62a91da0815"
"4FBC932876BB9CB","Sympathie_2016-11-02T12:35:49.155Z","B039418D76","ACCEPTED","108","2016.12.09 17:29:26 +0000","2016.12.09 17:29:26 +0000","2016.12.09 17:31:14 +0000","2016.12.13 13:42:52 +0000","","2016.12.14 17:31:14 +0000","2016.12.11 17:31:14 +0000","74","32","59","42","55","76","57","35","https://api.crowdee.de/v1/files/919a3b4ff57dd83aa5d5c4619885da1d","https://api.crowdee.de/v1/files/911aa95336f71212c6299bff77e4d497","https://api.crowdee.de/v1/files/ebbb38bf6b9dca28f7e2f526e4ade7d1","https://api.crowdee.de/v1/files/4ab7e4a89dc209cf1bd2809c0c9f6f9a","https://api.crowdee.de/v1/files/e1f652db051ebe6fd001d876035f94cc","https://api.crowdee.de/v1/files/a54f2de5101fda786b6de877754d29b9","https://api.crowdee.de/v1/files/34b8a424c4c6dfe69ae627717d25ab9d","https://api.crowdee.de/v1/files/06a2f5d726aa79dc6d42f8694c12c787"
"F26C7AFB19A1337","Sympathie_2016-11-02T12:35:49.155Z","BB71E5D7E3","ACCEPTED","69","2016.12.09 17:40:58 +0000","2016.12.09 17:40:58 +0000","2016.12.09 17:42:08 +0000","2016.12.13 13:42:52 +0000","","2016.12.14 17:42:08 +0000","2016.12.11 17:42:08 +0000","62","33","35","41","38","60","26","0","https://api.crowdee.de/v1/files/4464b50e3abddabdc4d904dca34f5917","https://api.crowdee.de/v1/files/911aa95336f71212c6299bff77e4d497","https://api.crowdee.de/v1/files/d3e32b3456a2ff89ed4608ee912227db","https://api.crowdee.de/v1/files/b40ab70faba4c3fd8c50a783d908ab9f","https://api.crowdee.de/v1/files/a54f2de5101fda786b6de877754d29b9","https://api.crowdee.de/v1/files/cfb0f96744a048dcd30bb12fba5279a4","https://api.crowdee.de/v1/files/4ab7e4a89dc209cf1bd2809c0c9f6f9a","https://api.crowdee.de/v1/files/c071113d82d870ef82779c6f522933f4"
"BE37388CE5EAFFF","Sympathie_2016-11-02T12:35:49.155Z","EE8CDC0320","ACCEPTED","81","2016.12.10 14:31:42 +0000","2016.12.10 14:31:42 +0000","2016.12.10 14:33:04 +0000","2016.12.13 13:42:52 +0000","","2016.12.15 14:33:04 +0000","2016.12.12 14:33:04 +0000","15","77","30","16","68","43","30","0","https://api.crowdee.de/v1/files/e1f652db051ebe6fd001d876035f94cc","https://api.crowdee.de/v1/files/a7f381686e93c05f91f06b0b120220f1","https://api.crowdee.de/v1/files/18320199c8c818a1cc1c3f737eb1da71","https://api.crowdee.de/v1/files/d3e32b3456a2ff89ed4608ee912227db","https://api.crowdee.de/v1/files/ebbb38bf6b9dca28f7e2f526e4ade7d1","https://api.crowdee.de/v1/files/4464b50e3abddabdc4d904dca34f5917","https://api.crowdee.de/v1/files/b40ab70faba4c3fd8c50a783d908ab9f","https://api.crowdee.de/v1/files/9e243b67670653fde52ef87b168cd776"
"98A4232B26674E0","Sympathie_2016-11-02T12:35:49.155Z","195690E2FD","ACCEPTED","231","2016.12.10 18:34:09 +0000","2016.12.10 18:34:14 +0000","2016.12.10 18:38:05 +0000","2016.12.13 13:42:52 +0000","","2016.12.15 18:38:05 +0000","2016.12.12 18:38:05 +0000","40","45","94","20","73","85","62","91","https://api.crowdee.de/v1/files/ebbb38bf6b9dca28f7e2f526e4ade7d1","https://api.crowdee.de/v1/files/d3e32b3456a2ff89ed4608ee912227db","https://api.crowdee.de/v1/files/911aa95336f71212c6299bff77e4d497","https://api.crowdee.de/v1/files/4ab7e4a89dc209cf1bd2809c0c9f6f9a","https://api.crowdee.de/v1/files/06a2f5d726aa79dc6d42f8694c12c787","https://api.crowdee.de/v1/files/18320199c8c818a1cc1c3f737eb1da71","https://api.crowdee.de/v1/files/cfb0f96744a048dcd30bb12fba5279a4","https://api.crowdee.de/v1/files/919a3b4ff57dd83aa5d5c4619885da1d"
"9EA6CD8ECD394A2","Sympathie_2016-11-02T12:35:49.155Z","31F667F7B5","ACCEPTED","111","2016.12.10 21:56:29 +0000","2016.12.10 21:56:29 +0000","2016.12.10 21:58:21 +0000","2016.12.13 13:42:52 +0000","","2016.12.15 21:58:21 +0000","2016.12.12 21:58:21 +0000","52","54","56","0","60","22","68","0","https://api.crowdee.de/v1/files/a7f381686e93c05f91f06b0b120220f1","https://api.crowdee.de/v1/files/06a2f5d726aa79dc6d42f8694c12c787","https://api.crowdee.de/v1/files/ebbb38bf6b9dca28f7e2f526e4ade7d1","https://api.crowdee.de/v1/files/18320199c8c818a1cc1c3f737eb1da71","https://api.crowdee.de/v1/files/a54f2de5101fda786b6de877754d29b9","https://api.crowdee.de/v1/files/4ab7e4a89dc209cf1bd2809c0c9f6f9a","https://api.crowdee.de/v1/files/919a3b4ff57dd83aa5d5c4619885da1d","https://api.crowdee.de/v1/files/2eb6f691951353a3a184d1d7aba04e88"
"F6E280E193FBFF2","Sympathie_2016-11-02T12:35:49.155Z","36EC3C8733","ACCEPTED","128","2016.12.11 15:49:15 +0000","2016.12.11 15:49:16 +0000","2016.12.11 15:51:24 +0000","2016.12.13 13:42:52 +0000","","2016.12.16 15:51:24 +0000","2016.12.13 15:51:24 +0000","50","77","74","93","64","62","72","62","https://api.crowdee.de/v1/files/1211a8aec9066ddc3450c5f6b2a0ea89","https://api.crowdee.de/v1/files/18320199c8c818a1cc1c3f737eb1da71","https://api.crowdee.de/v1/files/911aa95336f71212c6299bff77e4d497","https://api.crowdee.de/v1/files/d3e32b3456a2ff89ed4608ee912227db","https://api.crowdee.de/v1/files/a54f2de5101fda786b6de877754d29b9","https://api.crowdee.de/v1/files/b40ab70faba4c3fd8c50a783d908ab9f","https://api.crowdee.de/v1/files/ebbb38bf6b9dca28f7e2f526e4ade7d1","https://api.crowdee.de/v1/files/4464b50e3abddabdc4d904dca34f5917"
"233172534AE1315","Sympathie_2016-11-02T12:35:49.155Z","89FA7B9F13","REJECTED","107","2016.12.11 20:17:16 +0000","2016.12.11 20:17:17 +0000","2016.12.11 20:19:04 +0000","","2016.12.13 13:42:40 +0000","2016.12.16 20:19:04 +0000","2016.12.13 20:19:04 +0000","71","60","53","50","36","39","64","41","https://api.crowdee.de/v1/files/a54f2de5101fda786b6de877754d29b9","https://api.crowdee.de/v1/files/919a3b4ff57dd83aa5d5c4619885da1d","https://api.crowdee.de/v1/files/34b8a424c4c6dfe69ae627717d25ab9d","https://api.crowdee.de/v1/files/4ab7e4a89dc209cf1bd2809c0c9f6f9a","https://api.crowdee.de/v1/files/1211a8aec9066ddc3450c5f6b2a0ea89","https://api.crowdee.de/v1/files/911aa95336f71212c6299bff77e4d497","https://api.crowdee.de/v1/files/ebbb38bf6b9dca28f7e2f526e4ade7d1","https://api.crowdee.de/v1/files/463e5d2bbab3f0ae1c58e496353047fa"
"EEB8B1AC8D751D6","Sympathie_2016-11-02T12:35:49.155Z","1F1B657985","ACCEPTED","81","2016.12.11 22:19:30 +0000","2016.12.11 22:19:30 +0000","2016.12.11 22:20:52 +0000","2016.12.13 13:42:52 +0000","","2016.12.16 22:20:52 +0000","2016.12.13 22:20:52 +0000","57","92","68","72","24","30","43","92","https://api.crowdee.de/v1/files/a7f381686e93c05f91f06b0b120220f1","https://api.crowdee.de/v1/files/18320199c8c818a1cc1c3f737eb1da71","https://api.crowdee.de/v1/files/4ab7e4a89dc209cf1bd2809c0c9f6f9a","https://api.crowdee.de/v1/files/d3e32b3456a2ff89ed4608ee912227db","https://api.crowdee.de/v1/files/1211a8aec9066ddc3450c5f6b2a0ea89","https://api.crowdee.de/v1/files/cfb0f96744a048dcd30bb12fba5279a4","https://api.crowdee.de/v1/files/911aa95336f71212c6299bff77e4d497","https://api.crowdee.de/v1/files/06a2f5d726aa79dc6d42f8694c12c787"
"9CAFDEBBC145A6C","Sympathie_2016-11-02T12:35:49.155Z","F8C619B8E7","ACCEPTED","100","2016.12.12 16:14:25 +0000","2016.12.12 16:14:27 +0000","2016.12.12 16:16:07 +0000","2016.12.13 13:42:52 +0000","","2016.12.17 16:16:07 +0000","2016.12.14 16:16:07 +0000","83","38","0","32","34","21","64","2","https://api.crowdee.de/v1/files/a7f381686e93c05f91f06b0b120220f1","https://api.crowdee.de/v1/files/b40ab70faba4c3fd8c50a783d908ab9f","https://api.crowdee.de/v1/files/e1f652db051ebe6fd001d876035f94cc","https://api.crowdee.de/v1/files/ebbb38bf6b9dca28f7e2f526e4ade7d1","https://api.crowdee.de/v1/files/a54f2de5101fda786b6de877754d29b9","https://api.crowdee.de/v1/files/18320199c8c818a1cc1c3f737eb1da71","https://api.crowdee.de/v1/files/4464b50e3abddabdc4d904dca34f5917","https://api.crowdee.de/v1/files/1211a8aec9066ddc3450c5f6b2a0ea89"
"3B2289339A827A8","Sympathie_2016-11-02T12:35:49.155Z","83CC17D313","ACCEPTED","59","2016.12.12 20:46:04 +0000","2016.12.12 20:46:04 +0000","2016.12.12 20:47:04 +0000","2016.12.13 13:42:52 +0000","","2016.12.17 20:47:04 +0000","2016.12.14 20:47:04 +0000","63","37","49","69","18","85","57","77","https://api.crowdee.de/v1/files/4ab7e4a89dc209cf1bd2809c0c9f6f9a","https://api.crowdee.de/v1/files/1211a8aec9066ddc3450c5f6b2a0ea89","https://api.crowdee.de/v1/files/a7f381686e93c05f91f06b0b120220f1","https://api.crowdee.de/v1/files/06a2f5d726aa79dc6d42f8694c12c787","https://api.crowdee.de/v1/files/e1f652db051ebe6fd001d876035f94cc","https://api.crowdee.de/v1/files/18320199c8c818a1cc1c3f737eb1da71","https://api.crowdee.de/v1/files/cfb0f96744a048dcd30bb12fba5279a4","https://api.crowdee.de/v1/files/d3e32b3456a2ff89ed4608ee912227db"
"700ABC75C267BEB","Sympathie_2016-11-02T12:35:49.155Z","448394EF8E","ACCEPTED","60","2016.12.14 01:26:52 +0000","2016.12.14 01:26:53 +0000","2016.12.14 01:27:53 +0000","2016.12.15 08:13:32 +0000","","2016.12.19 01:27:53 +0000","2016.12.16 01:27:53 +0000","63","81","21","93","36","73","70","101","https://api.crowdee.de/v1/files/e1f652db051ebe6fd001d876035f94cc","https://api.crowdee.de/v1/files/cfb0f96744a048dcd30bb12fba5279a4","https://api.crowdee.de/v1/files/919a3b4ff57dd83aa5d5c4619885da1d","https://api.crowdee.de/v1/files/06a2f5d726aa79dc6d42f8694c12c787","https://api.crowdee.de/v1/files/4ab7e4a89dc209cf1bd2809c0c9f6f9a","https://api.crowdee.de/v1/files/a7f381686e93c05f91f06b0b120220f1","https://api.crowdee.de/v1/files/34b8a424c4c6dfe69ae627717d25ab9d","https://api.crowdee.de/v1/files/450a69717518a036495ba1a4bf9ba97a"
"11F46E5939ED9A0","Sympathie_2016-11-02T12:35:49.155Z","96A184FD87","ACCEPTED","80","2017.01.12 12:48:19 +0000","2017.01.12 12:48:19 +0000","2017.01.12 12:49:39 +0000","2017.01.16 07:34:01 +0000","","2017.01.17 12:49:39 +0000","2017.01.14 12:49:39 +0000","55","75","59","58","55","60","45","0","https://api.crowdee.de/v1/files/a54f2de5101fda786b6de877754d29b9","https://api.crowdee.de/v1/files/919a3b4ff57dd83aa5d5c4619885da1d","https://api.crowdee.de/v1/files/34b8a424c4c6dfe69ae627717d25ab9d","https://api.crowdee.de/v1/files/4ab7e4a89dc209cf1bd2809c0c9f6f9a","https://api.crowdee.de/v1/files/1211a8aec9066ddc3450c5f6b2a0ea89","https://api.crowdee.de/v1/files/911aa95336f71212c6299bff77e4d497","https://api.crowdee.de/v1/files/ebbb38bf6b9dca28f7e2f526e4ade7d1","https://api.crowdee.de/v1/files/463e5d2bbab3f0ae1c58e496353047fa"
"7F98050FA7D7744","Sympathie_2016-11-02T12:35:49.155Z","1883B182D4","ACCEPTED","76","2017.01.16 12:39:10 +0000","2017.01.16 12:39:10 +0000","2017.01.16 12:40:27 +0000","2017.01.18 13:33:23 +0000","","2017.01.21 12:40:27 +0000","2017.01.18 12:40:27 +0000","45","71","60","67","34","27","72","54","https://api.crowdee.de/v1/files/4464b50e3abddabdc4d904dca34f5917","https://api.crowdee.de/v1/files/06a2f5d726aa79dc6d42f8694c12c787","https://api.crowdee.de/v1/files/911aa95336f71212c6299bff77e4d497","https://api.crowdee.de/v1/files/b40ab70faba4c3fd8c50a783d908ab9f","https://api.crowdee.de/v1/files/a54f2de5101fda786b6de877754d29b9","https://api.crowdee.de/v1/files/1211a8aec9066ddc3450c5f6b2a0ea89","https://api.crowdee.de/v1/files/a7f381686e93c05f91f06b0b120220f1","https://api.crowdee.de/v1/files/919a3b4ff57dd83aa5d5c4619885da1d"
"70652ECF87297FC","Sympathie_2016-11-02T12:35:49.155Z","BFB88A5651","ACCEPTED","155","2017.01.17 00:06:54 +0000","2017.01.17 00:06:54 +0000","2017.01.17 00:09:30 +0000","2017.01.18 13:33:23 +0000","","2017.01.22 00:09:30 +0000","2017.01.19 00:09:30 +0000","44","53","71","62","57","55","38","101","https://api.crowdee.de/v1/files/d3e32b3456a2ff89ed4608ee912227db","https://api.crowdee.de/v1/files/ebbb38bf6b9dca28f7e2f526e4ade7d1","https://api.crowdee.de/v1/files/911aa95336f71212c6299bff77e4d497","https://api.crowdee.de/v1/files/06a2f5d726aa79dc6d42f8694c12c787","https://api.crowdee.de/v1/files/cfb0f96744a048dcd30bb12fba5279a4","https://api.crowdee.de/v1/files/a7f381686e93c05f91f06b0b120220f1","https://api.crowdee.de/v1/files/4464b50e3abddabdc4d904dca34f5917","https://api.crowdee.de/v1/files/61671c403dac398adc22d62a91da0815"
"69B5835078CA3E3","Sympathie_2016-11-02T12:35:49.155Z","0BB7D247F6","ACCEPTED","89","2017.01.17 06:43:29 +0000","2017.01.17 06:43:29 +0000","2017.01.17 06:44:58 +0000","2017.01.18 13:33:23 +0000","","2017.01.22 06:44:58 +0000","2017.01.19 06:44:58 +0000","65","74","56","69","62","70","82","66","https://api.crowdee.de/v1/files/4464b50e3abddabdc4d904dca34f5917","https://api.crowdee.de/v1/files/a7f381686e93c05f91f06b0b120220f1","https://api.crowdee.de/v1/files/1211a8aec9066ddc3450c5f6b2a0ea89","https://api.crowdee.de/v1/files/18320199c8c818a1cc1c3f737eb1da71","https://api.crowdee.de/v1/files/b40ab70faba4c3fd8c50a783d908ab9f","https://api.crowdee.de/v1/files/a54f2de5101fda786b6de877754d29b9","https://api.crowdee.de/v1/files/ebbb38bf6b9dca28f7e2f526e4ade7d1","https://api.crowdee.de/v1/files/34b8a424c4c6dfe69ae627717d25ab9d"
"C84B877500478A5","Sympathie_2016-11-02T12:35:49.155Z","8DF73C031C","ACCEPTED","116","2017.01.17 16:22:00 +0000","2017.01.17 16:22:05 +0000","2017.01.17 16:24:02 +0000","2017.01.18 13:33:24 +0000","","2017.01.22 16:24:02 +0000","2017.01.19 16:24:02 +0000","15","30","46","85","65","20","40","77","https://api.crowdee.de/v1/files/d3e32b3456a2ff89ed4608ee912227db","https://api.crowdee.de/v1/files/34b8a424c4c6dfe69ae627717d25ab9d","https://api.crowdee.de/v1/files/cfb0f96744a048dcd30bb12fba5279a4","https://api.crowdee.de/v1/files/a7f381686e93c05f91f06b0b120220f1","https://api.crowdee.de/v1/files/a54f2de5101fda786b6de877754d29b9","https://api.crowdee.de/v1/files/18320199c8c818a1cc1c3f737eb1da71","https://api.crowdee.de/v1/files/ebbb38bf6b9dca28f7e2f526e4ade7d1","https://api.crowdee.de/v1/files/919a3b4ff57dd83aa5d5c4619885da1d"
"84F364929A9D03E","Sympathie_2016-11-02T12:35:49.155Z","539B68F9DD","ACCEPTED","106","2017.01.18 21:11:32 +0000","2017.01.18 21:11:32 +0000","2017.01.18 21:13:18 +0000","2017.01.20 13:53:17 +0000","","2017.01.23 21:13:18 +0000","2017.01.20 21:13:18 +0000","30","89","49","31","57","74","61","0","https://api.crowdee.de/v1/files/1211a8aec9066ddc3450c5f6b2a0ea89","https://api.crowdee.de/v1/files/a7f381686e93c05f91f06b0b120220f1","https://api.crowdee.de/v1/files/ebbb38bf6b9dca28f7e2f526e4ade7d1","https://api.crowdee.de/v1/files/4ab7e4a89dc209cf1bd2809c0c9f6f9a","https://api.crowdee.de/v1/files/911aa95336f71212c6299bff77e4d497","https://api.crowdee.de/v1/files/06a2f5d726aa79dc6d42f8694c12c787","https://api.crowdee.de/v1/files/d3e32b3456a2ff89ed4608ee912227db","https://api.crowdee.de/v1/files/9e243b67670653fde52ef87b168cd776"
"6241FD4A3CFE425","Sympathie_2016-11-02T12:35:49.155Z","232BA5DFE0","ACCEPTED","82","2017.01.18 22:02:58 +0000","2017.01.18 22:02:58 +0000","2017.01.18 22:04:20 +0000","2017.01.20 13:53:18 +0000","","2017.01.23 22:04:20 +0000","2017.01.20 22:04:20 +0000","58","61","46","35","99","61","100","89","https://api.crowdee.de/v1/files/d3e32b3456a2ff89ed4608ee912227db","https://api.crowdee.de/v1/files/1211a8aec9066ddc3450c5f6b2a0ea89","https://api.crowdee.de/v1/files/4464b50e3abddabdc4d904dca34f5917","https://api.crowdee.de/v1/files/e1f652db051ebe6fd001d876035f94cc","https://api.crowdee.de/v1/files/b40ab70faba4c3fd8c50a783d908ab9f","https://api.crowdee.de/v1/files/cfb0f96744a048dcd30bb12fba5279a4","https://api.crowdee.de/v1/files/911aa95336f71212c6299bff77e4d497","https://api.crowdee.de/v1/files/34b8a424c4c6dfe69ae627717d25ab9d"
"5EE1F01D58701DE","Sympathie_2016-11-02T12:35:49.155Z","68ABF56035","ACCEPTED","82","2017.01.20 13:49:03 +0000","2017.01.20 13:49:03 +0000","2017.01.20 13:50:25 +0000","2017.01.20 13:53:18 +0000","","2017.01.25 13:50:25 +0000","2017.01.22 13:50:25 +0000","26","70","63","59","92","36","75","41","https://api.crowdee.de/v1/files/e1f652db051ebe6fd001d876035f94cc","https://api.crowdee.de/v1/files/4464b50e3abddabdc4d904dca34f5917","https://api.crowdee.de/v1/files/919a3b4ff57dd83aa5d5c4619885da1d","https://api.crowdee.de/v1/files/1211a8aec9066ddc3450c5f6b2a0ea89","https://api.crowdee.de/v1/files/18320199c8c818a1cc1c3f737eb1da71","https://api.crowdee.de/v1/files/a54f2de5101fda786b6de877754d29b9","https://api.crowdee.de/v1/files/a7f381686e93c05f91f06b0b120220f1","https://api.crowdee.de/v1/files/b40ab70faba4c3fd8c50a783d908ab9f"
"FBB181347E8285E","Sympathie_2016-11-02T12:35:49.155Z","B4ABC8B476","AUTOMATICALLY_ACCEPTED","103","2017.01.21 12:51:34 +0000","2017.01.21 12:51:36 +0000","2017.01.21 12:53:19 +0000","2017.01.26 13:00:00 +0000","","2017.01.26 12:53:19 +0000","2017.01.23 12:53:19 +0000","61","80","50","36","43","41","61","70","https://api.crowdee.de/v1/files/18320199c8c818a1cc1c3f737eb1da71","https://api.crowdee.de/v1/files/919a3b4ff57dd83aa5d5c4619885da1d","https://api.crowdee.de/v1/files/d3e32b3456a2ff89ed4608ee912227db","https://api.crowdee.de/v1/files/e1f652db051ebe6fd001d876035f94cc","https://api.crowdee.de/v1/files/1211a8aec9066ddc3450c5f6b2a0ea89","https://api.crowdee.de/v1/files/a54f2de5101fda786b6de877754d29b9","https://api.crowdee.de/v1/files/4464b50e3abddabdc4d904dca34f5917","https://api.crowdee.de/v1/files/911aa95336f71212c6299bff77e4d497"
"D50E8D117445CEC","Sympathie_2016-11-02T12:35:49.155Z","5BB7EC7F74","ACCEPTED","236","2017.01.22 19:30:24 +0000","2017.01.22 19:30:25 +0000","2017.01.22 19:34:22 +0000","2017.01.27 17:38:55 +0000","","2017.01.27 19:34:22 +0000","2017.01.24 19:34:22 +0000","34","98","14","79","22","73","97","101","https://api.crowdee.de/v1/files/34b8a424c4c6dfe69ae627717d25ab9d","https://api.crowdee.de/v1/files/d3e32b3456a2ff89ed4608ee912227db","https://api.crowdee.de/v1/files/e1f652db051ebe6fd001d876035f94cc","https://api.crowdee.de/v1/files/a7f381686e93c05f91f06b0b120220f1","https://api.crowdee.de/v1/files/b40ab70faba4c3fd8c50a783d908ab9f","https://api.crowdee.de/v1/files/911aa95336f71212c6299bff77e4d497","https://api.crowdee.de/v1/files/4464b50e3abddabdc4d904dca34f5917","https://api.crowdee.de/v1/files/d9ceac478a8de0d122c8e2416dd742c6"
"A71B3A4E562A585","Sympathie_2016-11-02T12:35:49.155Z","841072C88A","ACCEPTED","70","2017.01.22 20:04:33 +0000","2017.01.22 20:04:33 +0000","2017.01.22 20:05:43 +0000","2017.01.27 17:38:58 +0000","","2017.01.27 20:05:43 +0000","2017.01.24 20:05:43 +0000","57","25","82","68","67","60","41","101","https://api.crowdee.de/v1/files/b40ab70faba4c3fd8c50a783d908ab9f","https://api.crowdee.de/v1/files/34b8a424c4c6dfe69ae627717d25ab9d","https://api.crowdee.de/v1/files/06a2f5d726aa79dc6d42f8694c12c787","https://api.crowdee.de/v1/files/ebbb38bf6b9dca28f7e2f526e4ade7d1","https://api.crowdee.de/v1/files/919a3b4ff57dd83aa5d5c4619885da1d","https://api.crowdee.de/v1/files/4ab7e4a89dc209cf1bd2809c0c9f6f9a","https://api.crowdee.de/v1/files/a7f381686e93c05f91f06b0b120220f1","https://api.crowdee.de/v1/files/9f319314556ac98f58ebdce10bda6ab7"
"12C4D909A951CF6","Sympathie_2016-11-02T12:35:49.155Z","A3F9D5C924","ACCEPTED","152","2017.01.22 23:34:06 +0000","2017.01.22 23:34:06 +0000","2017.01.22 23:36:38 +0000","2017.01.27 17:38:59 +0000","","2017.01.27 23:36:38 +0000","2017.01.24 23:36:38 +0000","40","57","42","57","69","60","27","69","https://api.crowdee.de/v1/files/a7f381686e93c05f91f06b0b120220f1","https://api.crowdee.de/v1/files/06a2f5d726aa79dc6d42f8694c12c787","https://api.crowdee.de/v1/files/4464b50e3abddabdc4d904dca34f5917","https://api.crowdee.de/v1/files/911aa95336f71212c6299bff77e4d497","https://api.crowdee.de/v1/files/34b8a424c4c6dfe69ae627717d25ab9d","https://api.crowdee.de/v1/files/4ab7e4a89dc209cf1bd2809c0c9f6f9a","https://api.crowdee.de/v1/files/919a3b4ff57dd83aa5d5c4619885da1d","https://api.crowdee.de/v1/files/ebbb38bf6b9dca28f7e2f526e4ade7d1"
"889BBF2565B439B","Sympathie_2016-11-02T12:35:49.155Z","5CC746BAE7","REJECTED","78","2017.01.23 11:03:41 +0000","2017.01.23 11:03:41 +0000","2017.01.23 11:04:59 +0000","","2017.01.27 17:38:45 +0000","2017.01.28 11:04:59 +0000","2017.01.25 11:04:59 +0000","40","64","57","61","44","32","79","5","https://api.crowdee.de/v1/files/1211a8aec9066ddc3450c5f6b2a0ea89","https://api.crowdee.de/v1/files/a7f381686e93c05f91f06b0b120220f1","https://api.crowdee.de/v1/files/d3e32b3456a2ff89ed4608ee912227db","https://api.crowdee.de/v1/files/b40ab70faba4c3fd8c50a783d908ab9f","https://api.crowdee.de/v1/files/4464b50e3abddabdc4d904dca34f5917","https://api.crowdee.de/v1/files/cfb0f96744a048dcd30bb12fba5279a4","https://api.crowdee.de/v1/files/18320199c8c818a1cc1c3f737eb1da71","https://api.crowdee.de/v1/files/2eb6f691951353a3a184d1d7aba04e88"
"C953F008C229814","Sympathie_2016-11-02T12:35:49.155Z","E0B65F3770","ACCEPTED","93","2017.01.24 11:09:10 +0000","2017.01.24 11:09:10 +0000","2017.01.24 11:10:44 +0000","2017.01.27 17:39:01 +0000","","2017.01.29 11:10:44 +0000","2017.01.26 11:10:44 +0000","41","46","15","38","52","31","32","58","https://api.crowdee.de/v1/files/4ab7e4a89dc209cf1bd2809c0c9f6f9a","https://api.crowdee.de/v1/files/cfb0f96744a048dcd30bb12fba5279a4","https://api.crowdee.de/v1/files/e1f652db051ebe6fd001d876035f94cc","https://api.crowdee.de/v1/files/18320199c8c818a1cc1c3f737eb1da71","https://api.crowdee.de/v1/files/a7f381686e93c05f91f06b0b120220f1","https://api.crowdee.de/v1/files/d3e32b3456a2ff89ed4608ee912227db","https://api.crowdee.de/v1/files/4464b50e3abddabdc4d904dca34f5917","https://api.crowdee.de/v1/files/911aa95336f71212c6299bff77e4d497"
"4FE1382C75A9910","Sympathie_2016-11-02T12:35:49.155Z","9046146062","REJECTED","111","2017.01.24 15:47:36 +0000","2017.01.24 15:47:36 +0000","2017.01.24 15:49:28 +0000","","2017.01.27 17:38:52 +0000","2017.01.29 15:49:28 +0000","2017.01.26 15:49:28 +0000","27","34","83","62","57","56","44","32","https://api.crowdee.de/v1/files/4ab7e4a89dc209cf1bd2809c0c9f6f9a","https://api.crowdee.de/v1/files/a54f2de5101fda786b6de877754d29b9","https://api.crowdee.de/v1/files/b40ab70faba4c3fd8c50a783d908ab9f","https://api.crowdee.de/v1/files/a7f381686e93c05f91f06b0b120220f1","https://api.crowdee.de/v1/files/18320199c8c818a1cc1c3f737eb1da71","https://api.crowdee.de/v1/files/ebbb38bf6b9dca28f7e2f526e4ade7d1","https://api.crowdee.de/v1/files/e1f652db051ebe6fd001d876035f94cc","https://api.crowdee.de/v1/files/2462df11481aedcc62cf9804b85ebc20"
"A90955DB33DE56A","Sympathie_2016-11-02T12:35:49.155Z","83F56E4F2B","ACCEPTED","74","2017.01.24 20:39:31 +0000","2017.01.24 20:39:31 +0000","2017.01.24 20:40:46 +0000","2017.01.27 17:39:03 +0000","","2017.01.29 20:40:46 +0000","2017.01.26 20:40:46 +0000","77","54","63","44","25","66","27","101","https://api.crowdee.de/v1/files/911aa95336f71212c6299bff77e4d497","https://api.crowdee.de/v1/files/06a2f5d726aa79dc6d42f8694c12c787","https://api.crowdee.de/v1/files/d3e32b3456a2ff89ed4608ee912227db","https://api.crowdee.de/v1/files/4ab7e4a89dc209cf1bd2809c0c9f6f9a","https://api.crowdee.de/v1/files/34b8a424c4c6dfe69ae627717d25ab9d","https://api.crowdee.de/v1/files/ebbb38bf6b9dca28f7e2f526e4ade7d1","https://api.crowdee.de/v1/files/cfb0f96744a048dcd30bb12fba5279a4","https://api.crowdee.de/v1/files/44426c034a76c58c18d809d14ac80413"
"844EFB7369E8188","Sympathie_2016-11-02T12:35:49.155Z","213D3B2B5D","ACCEPTED","163","2017.01.24 22:34:05 +0000","2017.01.24 22:34:05 +0000","2017.01.24 22:36:49 +0000","2017.01.27 17:39:04 +0000","","2017.01.29 22:36:49 +0000","2017.01.26 22:36:49 +0000","26","45","90","40","65","59","16","101","https://api.crowdee.de/v1/files/4ab7e4a89dc209cf1bd2809c0c9f6f9a","https://api.crowdee.de/v1/files/e1f652db051ebe6fd001d876035f94cc","https://api.crowdee.de/v1/files/a7f381686e93c05f91f06b0b120220f1","https://api.crowdee.de/v1/files/919a3b4ff57dd83aa5d5c4619885da1d","https://api.crowdee.de/v1/files/34b8a424c4c6dfe69ae627717d25ab9d","https://api.crowdee.de/v1/files/1211a8aec9066ddc3450c5f6b2a0ea89","https://api.crowdee.de/v1/files/4464b50e3abddabdc4d904dca34f5917","https://api.crowdee.de/v1/files/a956b7f30b2bc79ef0bf26af3f16061e"
"A26AA2642F66FDF","Sympathie_2016-11-02T12:35:49.155Z","2122002237","ACCEPTED","63","2017.01.29 10:29:28 +0000","2017.01.29 10:29:28 +0000","2017.01.29 10:30:32 +0000","2017.01.31 08:25:57 +0000","","2017.02.03 10:30:32 +0000","2017.01.31 10:30:32 +0000","30","53","48","49","29","29","34","0","https://api.crowdee.de/v1/files/1211a8aec9066ddc3450c5f6b2a0ea89","https://api.crowdee.de/v1/files/a7f381686e93c05f91f06b0b120220f1","https://api.crowdee.de/v1/files/d3e32b3456a2ff89ed4608ee912227db","https://api.crowdee.de/v1/files/b40ab70faba4c3fd8c50a783d908ab9f","https://api.crowdee.de/v1/files/4464b50e3abddabdc4d904dca34f5917","https://api.crowdee.de/v1/files/cfb0f96744a048dcd30bb12fba5279a4","https://api.crowdee.de/v1/files/18320199c8c818a1cc1c3f737eb1da71","https://api.crowdee.de/v1/files/2eb6f691951353a3a184d1d7aba04e88"
"E61E1008DE971AD","Sympathie_2016-11-02T12:35:49.155Z","39ABEDDDC5","ACCEPTED","83","2017.02.02 11:06:27 +0000","2017.02.02 11:06:27 +0000","2017.02.02 11:07:51 +0000","2017.02.03 17:11:35 +0000","","2017.02.07 11:07:51 +0000","2017.02.04 11:07:51 +0000","43","54","23","77","36","65","27","101","https://api.crowdee.de/v1/files/4ab7e4a89dc209cf1bd2809c0c9f6f9a","https://api.crowdee.de/v1/files/a54f2de5101fda786b6de877754d29b9","https://api.crowdee.de/v1/files/b40ab70faba4c3fd8c50a783d908ab9f","https://api.crowdee.de/v1/files/a7f381686e93c05f91f06b0b120220f1","https://api.crowdee.de/v1/files/18320199c8c818a1cc1c3f737eb1da71","https://api.crowdee.de/v1/files/ebbb38bf6b9dca28f7e2f526e4ade7d1","https://api.crowdee.de/v1/files/e1f652db051ebe6fd001d876035f94cc","https://api.crowdee.de/v1/files/2462df11481aedcc62cf9804b85ebc20"
